<?xml version="1.0" encoding="UTF-8"?>
<addon id="plugin.audio.prime_music" name="Amazon Prime Music" version="0.9.0" provider-name="piet">
    <requires>
        <import addon="xbmc.python" version="2.1.0"/>
        <import addon="script.module.mechanize" version="0.2.6"/>
        <import addon="script.module.beautifulsoup" version="3.2.1"/>
        <import addon="script.module.pydes" version="2.0.1"/>
        <import addon="script.module.requests" version="2.9.1"/>
    </requires>
    <extension point="xbmc.python.pluginsource" library="default.py">
        <provides>audio</provides>
    </extension>
    <extension point="xbmc.addon.metadata">
        <platform>all</platform>
        <summary lang="en">Amazon Prime Music Add-on (DE)</summary>
        <language></language>
        <description lang="en">Amazon Prime Music Add-on (DE)</description>
        <disclaimer lang="en">Some parts of this addon may not be legal in your country of residence - please check with your local laws before installing.</disclaimer>
        <license>GNU GENERAL PUBLIC LICENSE. Version 2, June 1991</license>
        <source>https://github.com/</source>
        <forum>http://www.kodinerds.net</forum>
        <website>http://www.amazon.de</website>
    </extension>
</addon>
